EmployeeID,Name,Age,Department,Salary,ExperienceYears,Rating
E1000,Wei,52.0,inf,,33.0,2.8
E1001,Rita,59.0,HR,108112.0,36.0,2.1
E1002,Karen,62.0,Support,88067.0,5.0,4.2
E1003,David,31.0,Sales,57516.0,6.0,2.3
E1004,Wei,63.0,Sales,117969.0,31.0,2.2
E1005,Linda,55.0,Finance,31089.0,31.0,1.9
E1006,Ali,23.0,IT,67346.0,24.0,1.5
E1007,Wei,24.0,IT,,32.0,2.0
E1008,Karen,56.0,HR,40487.0,6.0,2.4
E1009,David,,Sales,30155.0,11.0,3.7
E1010,Rita,61.0,Finance,97494.0,15.0,1.3
E1011,Karen,47.0,Finance,106229.0,15.0,1.8
E1012,Karen,50.0,Support,134648.0,35.0,4.2
E1013,Ali,28.0,Support,68547.0,12.0,1.6
E1014,Anjali,48.0,Finance,58795.0,6.0,2.4
E1015,David,33.0,Support,85296.0,35.0,4.5
E1016,Maria,59.0,Sales,51447.0,8.0,1.6
E1017,Karen,60.0,Engineering,66598.0,31.0,1.3
E1018,Anjali,41.0,Sales,71814.0,10.0,2.9
E1019,Maria,30.0,Finance,120751.0,7.0,2.2
E1020,David,42.0,Finance,105330.0,32.0,3.3
E1021,John,20.0,Sales,128745.0,22.0,4.2
E1022,Linda,56.0,Support,117960.0,24.0,1.5
E1023,Anjali,40.0,Support,93278.0,7.0,3.3
E1024,Tom,45.0,IT,85077.0,21.0,3.0
E1025,John,55.0,Finance,142782.0,3.0,1.6
E1026,Linda,42.0,HR,132932.0,39.0,3.5
E1027,Ali,20.0,IT,101906.0,2.0,2.1
E1028,Wei,59.0,Support,39528.0,28.0,3.0
E1029,Rita,34.0,Sales,123812.0,28.0,1.3
E1030,Tom,40.0,Support,80100.0,33.0,2.8
E1031,Ali,28.0,Sales,139869.0,33.0,2.2
E1032,David,28.0,IT,38179.0,27.0,4.3
E1033,Ali,29.0,Finance,78781.0,12.0,1.2
E1034,Wei,45.0,Support,,14.0,2.7
E1035,David,60.0,Sales,112379.0,22.0,2.8
E1036,Tom,54.0,Finance,53952.0,25.0,3.9
E1037,Wei,44.0,HR,83798.0,3.0,3.3
E1038,Maria,45.0,Sales,128696.0,25.0,3.7
E1039,Rita,30.0,IT,140434.0,39.0,4.1
E1040,Tom,57.0,HR,80939.0,8.0,4.4
E1041,Maria,21.0,HR,59516.0,4.0,2.3
E1042,Linda,26.0,Engineering,86526.0,31.0,3.2
E1043,Tom,37.0,Support,40449.0,19.0,4.4
E1044,Linda,46.0,Sales,80290.0,10.0,5.0
E1045,David,53.0,HR,116661.0,14.0,4.6
E1046,Maria,46.0,Engineering,102954.0,31.0,2.5
E1047,Rita,36.0,IT,,27.0,1.8
E1048,Wei,62.0,Finance,97990.0,21.0,3.0
E1049,Karen,63.0,inf,88810.0,16.0,4.0
E1050,Ali,43.0,HR,148362.0,25.0,3.0
E1051,John,44.0,Support,113297.0,6.0,2.9
E1052,Rita,26.0,Engineering,45223.0,25.0,4.4
E1053,Maria,25.0,HR,102237.0,24.0,2.4
E1054,Karen,43.0,Support,32597.0,9.0,4.4
E1055,Rita,52.0,HR,95677.0,18.0,2.6
E1056,Maria,48.0,Sales,32659.0,10.0,2.3
E1057,Anjali,62.0,Sales,116516.0,12.0,2.8
E1058,Anjali,41.0,Sales,104567.0,7.0,4.0
E1059,Linda,45.0,IT,45037.0,39.0,1.5
E1060,Rita,47.0,IT,76738.0,3.0,1.8
E1061,Anjali,40.0,Engineering,133965.0,30.0,4.8
E1062,Maria,26.0,Sales,101678.0,27.0,1.7
E1063,Linda,36.0,Support,42109.0,10.0,3.3
E1064,Maria,39.0,HR,52010.0,0.0,3.3
E1065,Linda,60.0,Finance,38787.0,37.0,3.0
E1066,Rita,39.0,Support,138400.0,23.0,3.6
E1067,Karen,41.0,IT,38472.0,30.0,1.9
E1068,Wei,47.0,IT,145111.0,25.0,
E1069,Tom,59.0,Support,53383.0,4.0,2.5
E1070,Karen,26.0,IT,91709.0,19.0,3.6
E1071,David,20.0,Sales,99785.0,10.0,1.6
E1072,Maria,51.0,Engineering,143253.0,,3.3
E1073,David,32.0,HR,64518.0,,1.7
E1074,Karen,49.0,Engineering,83909.0,26.0,
E1075,Linda,42.0,HR,48351.0,33.0,1.9
E1076,Tom,38.0,HR,99624.0,14.0,1.7
E1077,Tom,51.0,Engineering,,31.0,4.3
E1078,John,49.0,Support,45282.0,20.0,2.1
E1079,Tom,48.0,HR,114866.0,4.0,4.7
E1080,Wei,64.0,Engineering,137945.0,5.0,4.9
E1081,Tom,,HR,51778.0,37.0,3.3
E1082,Karen,49.0,Finance,54264.0,21.0,1.6
E1083,John,35.0,Support,89675.0,17.0,2.5
E1084,Karen,59.0,Sales,35075.0,13.0,4.2
E1085,Karen,38.0,HR,105948.0,9.0,2.5
E1086,Ali,,Finance,78454.0,12.0,1.3
E1087,John,20.0,Sales,58365.0,30.0,3.2
E1088,Karen,33.0,Sales,102766.0,29.0,4.4
E1089,Ali,21.0,HR,78200.0,2.0,4.2
E1090,Ali,47.0,Engineering,41002.0,29.0,1.7
E1091,John,49.0,HR,43947.0,5.0,3.7
E1092,David,,Finance,109222.0,28.0,1.9
E1093,Linda,23.0,Sales,124840.0,7.0,1.9
E1094,Wei,20.0,HR,146219.0,32.0,4.5
E1095,Linda,27.0,Engineering,108610.0,16.0,2.0
E1096,Tom,48.0,HR,82142.0,10.0,2.1
E1097,Wei,58.0,Support,86307.0,12.0,1.0
E1098,Tom,22.0,Engineering,34493.0,10.0,4.5
E1099,Karen,51.0,Finance,80085.0,30.0,4.2
E1100,Maria,29.0,Sales,64228.0,27.0,3.5
E1101,John,29.0,HR,109676.0,5.0,4.0
E1102,Wei,38.0,Engineering,81875.0,15.0,1.6
E1103,Wei,53.0,Support,61655.0,3.0,2.8
E1104,Karen,52.0,Engineering,73472.0,34.0,2.4
E1105,David,42.0,IT,,25.0,1.4
E1106,Ali,47.0,Support,79416.0,11.0,2.9
E1107,Karen,51.0,Finance,89711.0,10.0,4.7
E1108,Anjali,26.0,Sales,36816.0,36.0,1.2
E1109,Ali,48.0,Finance,107175.0,24.0,2.2
E1110,John,27.0,HR,94307.0,17.0,1.8
E1111,Ali,20.0,Engineering,142728.0,18.0,2.0
E1112,David,22.0,IT,76733.0,22.0,4.6
E1113,Ali,43.0,Support,125028.0,37.0,2.9
E1114,John,42.0,Support,146450.0,17.0,2.9
E1115,David,27.0,Engineering,41240.0,25.0,inf
E1116,Linda,56.0,IT,128234.0,5.0,1.6
E1117,Wei,22.0,Engineering,122493.0,3.0,2.9
E1118,Wei,52.0,HR,128344.0,28.0,2.7
E1119,Tom,47.0,Finance,101363.0,33.0,3.4
E1120,Linda,27.0,Support,62762.0,16.0,5.0
E1121,Linda,53.0,HR,38259.0,15.0,4.1
E1122,Ali,54.0,Finance,,1.0,2.6
E1123,Wei,51.0,HR,44849.0,33.0,4.3
E1124,John,43.0,IT,111768.0,7.0,1.7
E1125,Rita,,Support,136108.0,12.0,1.1
E1126,Rita,51.0,Engineering,119709.0,7.0,1.8
E1127,David,62.0,Engineering,84869.0,29.0,2.4
E1128,Wei,35.0,Finance,93095.0,31.0,3.0
E1129,Wei,,Sales,147886.0,35.0,3.5
E1130,Rita,56.0,IT,100910.0,29.0,4.6
E1131,Wei,40.0,Finance,116710.0,0.0,3.0
E1132,Ali,33.0,Sales,53567.0,38.0,3.0
E1133,Anjali,50.0,HR,65292.0,16.0,1.2
E1134,Maria,37.0,IT,104813.0,19.0,1.1
E1135,Linda,26.0,HR,127136.0,23.0,3.2
E1136,Tom,29.0,Support,81631.0,21.0,2.8
E1137,David,26.0,IT,39885.0,28.0,4.4
E1138,Anjali,52.0,Sales,89659.0,21.0,1.6
E1139,Rita,42.0,Support,84306.0,8.0,1.1
E1140,Linda,40.0,Engineering,96314.0,36.0,2.8
E1141,Wei,38.0,Sales,95087.0,9.0,1.9
E1142,Tom,38.0,Finance,59165.0,35.0,1.2
E1143,Wei,55.0,Engineering,,36.0,3.9
E1144,John,48.0,Engineering,97028.0,27.0,1.4
E1145,John,37.0,Finance,125998.0,27.0,3.4
E1146,Tom,21.0,IT,79812.0,20.0,2.1
E1147,Tom,20.0,Engineering,80500.0,23.0,1.7
E1148,Rita,24.0,Sales,109151.0,39.0,2.5
E1149,Tom,39.0,Support,88643.0,1.0,4.2
E1150,Ali,30.0,Engineering,74900.0,7.0,
E1151,Wei,61.0,Sales,72946.0,26.0,4.0
E1152,Anjali,21.0,HR,37851.0,21.0,1.5
E1153,Karen,22.0,Sales,46288.0,,4.1
E1154,Tom,42.0,Support,102692.0,26.0,1.9
E1155,David,31.0,Sales,97580.0,28.0,3.7
E1156,John,39.0,Finance,37368.0,2.0,3.3
E1157,Ali,24.0,Support,115436.0,12.0,4.7
E1158,Linda,56.0,IT,126136.0,9.0,2.5
E1159,Karen,57.0,HR,76403.0,35.0,1.3
E1160,Anjali,49.0,Finance,121170.0,8.0,1.1
E1161,Karen,28.0,IT,39168.0,26.0,4.3
E1162,Tom,53.0,Sales,116497.0,33.0,3.1
E1163,Rita,63.0,Support,79879.0,0.0,
E1164,John,,HR,89871.0,31.0,1.9
E1165,John,41.0,Finance,139632.0,24.0,2.4
E1166,Linda,63.0,IT,141623.0,28.0,1.1
E1167,Rita,43.0,IT,119388.0,6.0,4.8
E1168,Wei,36.0,HR,128646.0,2.0,3.7
E1169,Maria,29.0,Sales,62174.0,19.0,4.7
E1170,Ali,49.0,HR,129751.0,19.0,2.1
E1171,John,42.0,IT,122491.0,29.0,3.4
E1172,David,51.0,Engineering,36581.0,34.0,3.7
E1173,John,36.0,Finance,140155.0,34.0,2.3
E1174,Karen,36.0,HR,101853.0,38.0,4.4
E1175,John,33.0,IT,94046.0,26.0,4.8
E1176,John,28.0,Sales,79678.0,25.0,4.5
E1177,Maria,59.0,IT,138392.0,13.0,4.0
E1178,Maria,21.0,Sales,141250.0,16.0,
E1179,Anjali,64.0,HR,56649.0,17.0,2.1
E1180,Wei,44.0,Sales,118668.0,28.0,4.9
E1181,David,58.0,Support,112325.0,19.0,1.0
E1182,John,,Support,44567.0,26.0,3.9
E1183,John,41.0,Support,110404.0,17.0,3.8
E1184,Ali,62.0,Engineering,119906.0,3.0,3.5
E1185,Maria,23.0,HR,138069.0,0.0,5.0
E1186,David,45.0,IT,126019.0,0.0,2.2
E1187,Linda,48.0,IT,91944.0,25.0,2.4
E1188,Anjali,,Engineering,148428.0,19.0,1.3
E1189,Wei,53.0,Sales,108002.0,22.0,2.8
E1190,Rita,,Engineering,58803.0,9.0,2.0
E1191,Wei,56.0,Sales,48230.0,10.0,
E1192,Karen,30.0,Sales,47862.0,4.0,4.3
E1193,John,25.0,Finance,73355.0,0.0,4.7
E1194,Anjali,37.0,IT,61259.0,16.0,1.7
E1195,Karen,40.0,Support,129075.0,21.0,2.5
E1196,David,61.0,Sales,117445.0,33.0,4.7
E1197,Rita,55.0,Finance,60795.0,28.0,1.2
E1198,Maria,60.0,,144604.0,3.0,1.4
E1199,Anjali,57.0,Support,38770.0,4.0,1.7
E1200,Anjali,53.0,Sales,41093.0,10.0,3.4
E1201,John,36.0,Sales,76571.0,20.0,1.6
E1202,Tom,56.0,Engineering,30193.0,34.0,4.9
E1203,Anjali,44.0,Engineering,130311.0,11.0,2.8
E1204,Ali,57.0,IT,47569.0,25.0,3.0
E1205,Rita,31.0,,147082.0,18.0,2.0
E1206,Rita,42.0,Sales,41190.0,6.0,2.9
E1207,Ali,61.0,IT,92824.0,6.0,3.6
E1208,Linda,41.0,IT,,25.0,4.0
E1209,Ali,40.0,HR,62327.0,39.0,4.0
E1210,Ali,46.0,Engineering,72070.0,4.0,3.3
E1211,Rita,50.0,Support,115925.0,20.0,4.6
E1212,Wei,25.0,Sales,70197.0,13.0,4.3
E1213,Rita,46.0,IT,32261.0,3.0,4.0
E1214,Tom,59.0,Sales,148424.0,22.0,
E1215,John,53.0,HR,123905.0,19.0,1.0
E1216,Karen,31.0,Support,56512.0,14.0,1.8
E1217,Wei,64.0,IT,36716.0,28.0,3.7
E1218,Maria,26.0,Sales,116795.0,7.0,2.6
E1219,Karen,29.0,Engineering,58933.0,18.0,2.6
E1220,John,64.0,HR,137225.0,38.0,4.5
E1221,Tom,36.0,Support,34378.0,27.0,4.6
E1222,Tom,45.0,HR,70583.0,26.0,4.6
E1223,Maria,40.0,Engineering,142082.0,3.0,2.3
E1224,Wei,47.0,Support,115371.0,14.0,3.8
E1225,Linda,21.0,HR,59033.0,34.0,2.1
E1226,Ali,62.0,Finance,54000.0,36.0,1.8
E1227,Wei,20.0,Engineering,141032.0,0.0,1.7
E1228,Linda,55.0,Engineering,105868.0,2.0,2.4
E1229,Tom,45.0,Engineering,72604.0,23.0,2.7
E1230,Rita,48.0,Finance,98336.0,26.0,4.3
E1231,John,40.0,Finance,125074.0,39.0,1.5
E1232,Maria,30.0,Sales,125655.0,35.0,3.9
E1233,John,59.0,IT,103869.0,33.0,3.1
E1234,David,30.0,HR,35410.0,28.0,2.2
E1235,David,55.0,Sales,113375.0,23.0,3.0
E1236,Wei,58.0,HR,86044.0,23.0,2.2
E1237,Tom,59.0,IT,93315.0,3.0,3.4
E1238,Tom,54.0,Finance,126055.0,2.0,2.7
E1239,Ali,53.0,IT,101344.0,33.0,1.7
E1240,Ali,43.0,Finance,36796.0,22.0,1.5
E1241,Ali,41.0,IT,116716.0,22.0,3.2
E1242,Rita,24.0,Sales,84245.0,4.0,4.6
E1243,Karen,52.0,Support,73056.0,30.0,2.4
E1244,Anjali,55.0,Sales,47709.0,5.0,3.9
E1245,Karen,39.0,HR,149664.0,36.0,3.6
E1246,John,38.0,Sales,88557.0,9.0,4.7
E1247,Karen,54.0,Engineering,47543.0,39.0,4.3
E1248,Rita,62.0,HR,67418.0,6.0,3.3
E1249,John,36.0,IT,124611.0,38.0,3.6
E1250,Karen,64.0,HR,133291.0,37.0,4.6
E1251,Rita,62.0,Support,143504.0,20.0,2.6
E1252,Anjali,53.0,Finance,133001.0,19.0,2.3
E1253,Karen,28.0,IT,126038.0,2.0,1.0
E1254,Rita,45.0,HR,46724.0,21.0,4.3
E1255,Ali,21.0,IT,33828.0,3.0,4.2
E1256,Tom,28.0,IT,146656.0,27.0,1.4
E1257,Ali,28.0,IT,47087.0,11.0,3.3
E1258,Tom,59.0,Finance,42605.0,37.0,2.9
E1259,Maria,36.0,Sales,61337.0,35.0,1.5
E1260,Maria,20.0,IT,35482.0,4.0,4.9
E1261,Maria,44.0,Engineering,95333.0,12.0,1.9
E1262,Anjali,62.0,Support,122541.0,22.0,1.3
E1263,Ali,59.0,Finance,118296.0,29.0,3.4
E1264,Tom,61.0,HR,80952.0,36.0,4.0
E1265,Rita,44.0,Finance,35463.0,24.0,1.1
E1266,John,58.0,HR,,26.0,3.6
E1267,Rita,54.0,Finance,100448.0,13.0,
E1268,John,22.0,HR,34648.0,35.0,1.4
E1269,David,56.0,IT,63623.0,38.0,1.7
E1270,Rita,63.0,inf,89156.0,15.0,3.3
E1271,Karen,63.0,HR,65634.0,21.0,2.2
E1272,Karen,,HR,74602.0,20.0,
E1273,Wei,57.0,Engineering,144598.0,20.0,4.3
E1274,Ali,53.0,HR,79334.0,7.0,4.9
E1275,John,31.0,Engineering,98648.0,15.0,2.0
E1276,John,38.0,Support,52054.0,30.0,4.9
E1277,Ali,56.0,IT,100028.0,9.0,2.7
E1278,Anjali,63.0,Engineering,52207.0,31.0,2.4
E1279,Wei,36.0,Sales,110650.0,33.0,1.2
E1280,Anjali,29.0,IT,129821.0,8.0,1.2
E1281,Anjali,31.0,Engineering,111554.0,16.0,3.8
E1282,Anjali,35.0,IT,51386.0,10.0,2.8
E1283,Ali,43.0,IT,,31.0,1.9
E1284,Anjali,38.0,IT,89518.0,9.0,3.5
E1285,Karen,27.0,Support,82781.0,21.0,2.0
E1286,Maria,50.0,Sales,82780.0,16.0,3.3
E1287,David,40.0,Finance,91440.0,3.0,2.4
E1288,John,36.0,Finance,74199.0,24.0,4.3
E1289,John,42.0,Engineering,91035.0,20.0,4.3
E1290,David,56.0,IT,,36.0,2.9
E1291,Ali,35.0,Engineering,74363.0,37.0,2.4
E1292,Rita,25.0,Support,141175.0,0.0,2.5
E1293,Ali,27.0,Support,108279.0,24.0,4.2
E1294,John,44.0,HR,90348.0,35.0,2.3
E1295,John,37.0,Support,85284.0,16.0,1.8
E1296,David,44.0,HR,137628.0,23.0,1.3
E1297,Anjali,31.0,Sales,139835.0,1.0,
E1298,Ali,34.0,Engineering,102124.0,39.0,2.9
E1299,Tom,45.0,Sales,98847.0,14.0,4.4
E1300,David,60.0,Support,52432.0,31.0,1.9
E1301,Karen,64.0,Sales,94089.0,38.0,2.5
E1302,John,45.0,Sales,85398.0,5.0,4.2
E1303,David,51.0,Sales,129291.0,0.0,4.3
E1304,Ali,,Support,33321.0,22.0,2.5
E1305,John,35.0,IT,111348.0,38.0,2.8
E1306,Rita,26.0,Sales,67383.0,16.0,2.2
E1307,David,36.0,HR,143816.0,33.0,4.7
E1308,Wei,42.0,Support,108682.0,28.0,1.5
E1309,John,,Sales,109190.0,8.0,4.7
E1310,Ali,40.0,IT,82893.0,12.0,3.7
E1311,Maria,41.0,Support,65820.0,5.0,3.1
E1312,Tom,26.0,Finance,96262.0,5.0,1.1
E1313,Linda,33.0,IT,33760.0,19.0,2.9
E1314,Anjali,34.0,HR,52190.0,2.0,2.6
E1315,Linda,26.0,Sales,97411.0,16.0,1.6
E1316,Ali,inf,Finance,53377.0,11.0,3.6
E1317,Karen,27.0,Finance,76737.0,0.0,4.9
E1318,Karen,42.0,Support,99569.0,16.0,3.2
E1319,Maria,48.0,Finance,68211.0,2.0,3.9
E1320,Anjali,37.0,HR,112909.0,25.0,1.3
E1321,Wei,50.0,HR,33744.0,14.0,2.7
E1322,Maria,49.0,Engineering,54995.0,35.0,1.5
E1323,Linda,,HR,46977.0,31.0,3.5
E1324,Maria,54.0,IT,127938.0,31.0,4.8
E1325,Linda,37.0,Finance,64542.0,3.0,3.6
E1326,John,,HR,40651.0,17.0,1.3
E1327,Karen,58.0,Support,,18.0,2.4
E1328,John,36.0,Engineering,108931.0,34.0,3.2
E1329,Tom,33.0,Finance,125344.0,39.0,2.6
E1330,Anjali,50.0,Engineering,132112.0,13.0,4.3
E1331,Wei,43.0,Finance,46715.0,32.0,4.3
E1332,Linda,54.0,Support,74409.0,13.0,3.4
E1333,Wei,inf,Engineering,54306.0,33.0,2.5
E1334,Linda,64.0,Sales,inf,3.0,2.0
E1335,Ali,53.0,IT,44376.0,23.0,1.4
E1336,Maria,22.0,IT,91350.0,28.0,2.4
E1337,Tom,56.0,Finance,101425.0,18.0,2.7
E1338,Karen,62.0,Sales,133358.0,5.0,3.7
E1339,Linda,59.0,Engineering,66636.0,32.0,3.6
E1340,Wei,45.0,Sales,116120.0,39.0,1.3
E1341,Tom,42.0,Sales,144889.0,18.0,2.6
E1342,Rita,63.0,Engineering,81649.0,0.0,1.7
E1343,Rita,58.0,Support,64610.0,4.0,1.6
E1344,John,34.0,Sales,40058.0,26.0,4.3
E1345,Karen,23.0,Sales,104637.0,15.0,1.2
E1346,Ali,48.0,Support,108033.0,5.0,2.7
E1347,Wei,41.0,Sales,100194.0,39.0,1.7
E1348,Maria,44.0,inf,106917.0,12.0,4.5
E1349,Maria,32.0,Sales,94200.0,34.0,3.2
E1350,Wei,37.0,IT,135848.0,18.0,1.9
E1351,Anjali,52.0,HR,136022.0,11.0,3.0
E1352,Ali,35.0,Support,76619.0,15.0,3.9
E1353,Tom,64.0,Sales,47154.0,9.0,4.8
E1354,Linda,61.0,IT,49539.0,24.0,1.9
E1355,Anjali,63.0,Support,90058.0,19.0,4.5
E1356,Linda,21.0,Finance,92068.0,30.0,4.7
E1357,Linda,54.0,Finance,107313.0,3.0,4.7
E1358,Anjali,61.0,Sales,129932.0,22.0,3.5
E1359,John,53.0,IT,60373.0,1.0,3.5
E1360,Rita,49.0,inf,63154.0,21.0,2.6
E1361,Linda,32.0,Support,36031.0,36.0,4.0
E1362,Anjali,32.0,Support,123533.0,7.0,3.1
E1363,Anjali,37.0,IT,101975.0,6.0,3.7
E1364,David,51.0,Support,52785.0,13.0,2.7
E1365,John,51.0,IT,108928.0,2.0,3.9
E1366,Karen,54.0,HR,148696.0,15.0,4.3
E1367,David,58.0,IT,58669.0,18.0,1.6
E1368,David,48.0,Finance,124475.0,17.0,4.3
E1369,Wei,48.0,Support,147154.0,15.0,3.2
E1370,Rita,63.0,IT,32282.0,7.0,4.4
E1371,Anjali,35.0,IT,inf,32.0,2.7
E1372,Rita,63.0,Support,78438.0,11.0,2.5
E1373,Ali,29.0,HR,119900.0,10.0,4.7
E1374,Wei,49.0,HR,97534.0,4.0,2.0
E1375,Karen,44.0,Support,61705.0,26.0,4.4
E1376,Rita,58.0,Engineering,68244.0,11.0,2.9
E1377,Maria,39.0,Support,104964.0,16.0,3.1
E1378,Linda,24.0,Support,67437.0,5.0,2.2
E1379,Ali,20.0,HR,107872.0,32.0,3.3
E1380,John,,HR,104878.0,4.0,2.3
E1381,Karen,22.0,Support,149006.0,27.0,1.2
E1382,Ali,64.0,Support,135368.0,13.0,2.1
E1383,Linda,33.0,Support,102982.0,4.0,1.0
E1384,Wei,49.0,HR,80583.0,32.0,4.9
E1385,Linda,23.0,Support,68392.0,18.0,4.9
E1386,David,37.0,Support,37461.0,21.0,
E1387,Linda,56.0,Sales,130123.0,4.0,3.9
E1388,David,44.0,Engineering,40516.0,1.0,2.4
E1389,Wei,20.0,Finance,109285.0,29.0,3.7
E1390,Tom,34.0,Engineering,47514.0,38.0,4.2
E1391,David,28.0,Sales,,3.0,4.8
E1392,John,34.0,Finance,66268.0,32.0,2.6
E1393,Linda,43.0,Support,120486.0,12.0,4.1
E1394,Linda,23.0,Sales,130424.0,19.0,2.1
E1395,John,31.0,Support,66788.0,6.0,5.0
E1396,Maria,56.0,HR,105749.0,14.0,1.1
E1397,Anjali,56.0,IT,91049.0,22.0,3.4
E1398,Tom,62.0,Sales,92493.0,13.0,3.6
E1399,Karen,25.0,HR,66027.0,22.0,3.8
E1400,David,58.0,Sales,123547.0,18.0,1.5
E1401,John,43.0,Sales,72849.0,28.0,4.8
E1402,Wei,30.0,HR,130127.0,19.0,1.7
E1403,David,32.0,Finance,47858.0,28.0,3.5
E1404,Anjali,53.0,Engineering,114162.0,23.0,1.9
E1405,Wei,44.0,Support,109003.0,17.0,2.2
E1406,Ali,26.0,Sales,82395.0,9.0,3.2
E1407,Linda,23.0,Support,69758.0,7.0,2.7
E1408,Ali,27.0,IT,84312.0,25.0,1.6
E1409,David,39.0,HR,98670.0,28.0,1.7
E1410,Anjali,48.0,Support,146758.0,9.0,2.7
E1411,Tom,64.0,HR,112279.0,16.0,4.0
E1412,David,29.0,Support,45434.0,1.0,4.6
E1413,John,62.0,Engineering,94047.0,5.0,1.3
E1414,Rita,53.0,Engineering,77775.0,4.0,2.6
E1415,David,45.0,Engineering,105769.0,27.0,1.4
E1416,Linda,60.0,Engineering,144682.0,4.0,1.1
E1417,Linda,22.0,Engineering,96677.0,17.0,3.6
E1418,David,25.0,Engineering,113555.0,25.0,3.4
E1419,Wei,24.0,HR,115920.0,19.0,1.7
E1420,Rita,24.0,Sales,138439.0,26.0,1.9
E1421,John,42.0,Support,75734.0,11.0,1.1
E1422,David,28.0,Engineering,131665.0,6.0,4.3
E1423,Wei,54.0,HR,118503.0,2.0,4.9
E1424,Linda,39.0,HR,70603.0,9.0,1.5
E1425,Linda,61.0,HR,106708.0,33.0,1.9
E1426,Anjali,54.0,Sales,111926.0,24.0,4.5
E1427,David,37.0,Support,98803.0,34.0,4.7
E1428,Rita,36.0,Sales,69332.0,15.0,2.7
E1429,Maria,43.0,Finance,121703.0,1.0,1.2
E1430,Rita,22.0,HR,51312.0,23.0,1.2
E1431,Linda,51.0,Finance,123376.0,9.0,3.3
E1432,Linda,54.0,IT,114526.0,37.0,2.6
E1433,Ali,57.0,Engineering,74179.0,21.0,1.1
E1434,Linda,32.0,Engineering,101442.0,25.0,3.3
E1435,John,44.0,Sales,144332.0,38.0,1.0
E1436,Karen,28.0,Support,147961.0,26.0,4.1
E1437,David,23.0,Finance,70379.0,28.0,2.2
E1438,Rita,,Support,47297.0,37.0,1.2
E1439,Karen,56.0,Sales,32011.0,19.0,3.4
E1440,Wei,53.0,Engineering,146130.0,26.0,2.6
E1441,Maria,30.0,Support,,19.0,4.9
E1442,John,60.0,Support,142094.0,18.0,3.2
E1443,Rita,22.0,Engineering,41738.0,19.0,2.1
E1444,Karen,47.0,Finance,124333.0,34.0,3.8
E1445,Maria,48.0,Engineering,77498.0,inf,2.1
E1446,Ali,28.0,Support,41120.0,29.0,4.6
E1447,John,22.0,Finance,146517.0,33.0,2.5
E1448,John,44.0,Finance,38767.0,21.0,3.2
E1449,Ali,53.0,Engineering,52852.0,2.0,1.2
E1450,David,31.0,Support,109239.0,5.0,2.7
E1451,Ali,61.0,Sales,30929.0,14.0,4.3
E1452,John,28.0,Support,107487.0,26.0,4.2
E1453,John,34.0,HR,148387.0,9.0,1.9
E1454,Karen,59.0,IT,121575.0,8.0,1.9
E1455,Linda,44.0,Sales,144149.0,32.0,4.3
E1456,Maria,24.0,Finance,125040.0,31.0,4.7
E1457,Ali,30.0,Sales,47438.0,5.0,1.4
E1458,Maria,53.0,Finance,78515.0,35.0,2.8
E1459,Ali,43.0,Finance,35744.0,1.0,2.3
E1460,Wei,34.0,Sales,113820.0,28.0,4.5
E1461,John,57.0,Finance,72417.0,3.0,1.3
E1462,Linda,27.0,Finance,135284.0,0.0,1.8
E1463,Karen,24.0,HR,37069.0,,4.0
E1464,Linda,45.0,Support,72359.0,25.0,1.2
E1465,Linda,37.0,Support,49799.0,24.0,3.0
E1466,Linda,25.0,IT,128746.0,,2.8
E1467,Maria,56.0,IT,123762.0,14.0,2.3
E1468,Ali,32.0,HR,100188.0,21.0,2.6
E1469,Tom,47.0,IT,119859.0,20.0,3.1
E1470,Wei,24.0,Sales,137674.0,21.0,1.6
E1471,Rita,32.0,Engineering,37597.0,35.0,3.3
E1472,Linda,36.0,Engineering,77093.0,33.0,4.2
E1473,David,59.0,Engineering,67226.0,29.0,4.0
E1474,Maria,64.0,HR,102127.0,24.0,1.6
E1475,Karen,51.0,HR,144650.0,27.0,1.6
E1476,Rita,48.0,Finance,121369.0,0.0,2.1
E1477,Tom,22.0,Engineering,107362.0,3.0,2.4
E1478,David,59.0,Sales,56417.0,,2.6
E1479,Tom,53.0,IT,48693.0,8.0,3.7
E1480,Rita,59.0,Sales,109674.0,35.0,1.2
E1481,Linda,46.0,IT,145598.0,18.0,1.1
E1482,David,32.0,Engineering,149028.0,0.0,2.6
E1483,Tom,64.0,Engineering,83161.0,9.0,3.8
E1484,Karen,52.0,Engineering,32169.0,35.0,
E1485,Ali,25.0,HR,114092.0,8.0,3.6
E1486,John,43.0,IT,52052.0,31.0,2.0
E1487,Ali,38.0,HR,101849.0,31.0,4.5
E1488,Rita,35.0,HR,103851.0,5.0,4.6
E1489,Maria,59.0,Support,38036.0,37.0,2.2
E1490,John,47.0,Sales,61778.0,16.0,1.9
E1491,Wei,52.0,Sales,,9.0,2.6
E1492,Karen,60.0,,53173.0,26.0,2.0
E1493,Wei,32.0,HR,60403.0,34.0,3.7
E1494,David,62.0,IT,96321.0,20.0,4.3
E1495,John,,Support,101675.0,24.0,3.7
E1496,Wei,44.0,Support,36344.0,27.0,4.3
E1497,Wei,61.0,Sales,48800.0,14.0,2.6
E1498,Tom,55.0,HR,55372.0,3.0,1.6
E1499,Ali,46.0,Finance,91516.0,28.0,4.0
E1500,Tom,57.0,HR,50538.0,8.0,2.4
E1501,John,26.0,Engineering,93918.0,26.0,3.7
E1502,John,24.0,HR,44973.0,25.0,2.1
E1503,Rita,62.0,Engineering,101155.0,18.0,1.3
E1504,Tom,64.0,Engineering,130240.0,27.0,5.0
E1505,Anjali,50.0,Finance,89500.0,16.0,1.6
E1506,Ali,42.0,IT,66575.0,19.0,5.0
E1507,John,61.0,Sales,135455.0,39.0,4.9
E1508,Rita,29.0,HR,72261.0,38.0,4.2
E1509,Tom,51.0,Engineering,140659.0,22.0,3.6
E1510,Ali,62.0,HR,57716.0,31.0,3.3
E1511,Tom,49.0,IT,33236.0,32.0,4.5
E1512,Wei,58.0,Sales,45848.0,4.0,2.2
E1513,Rita,50.0,IT,32352.0,33.0,2.9
E1514,Ali,37.0,Sales,31932.0,39.0,3.5
E1515,Linda,55.0,Support,106449.0,10.0,2.6
E1516,David,21.0,Sales,38556.0,2.0,2.7
E1517,David,33.0,,116836.0,32.0,2.3
E1518,Ali,32.0,IT,,10.0,3.3
E1519,Tom,48.0,Engineering,106118.0,15.0,4.4
E1520,Rita,31.0,Support,80098.0,17.0,1.8
E1521,David,58.0,,94386.0,29.0,4.7
E1522,Rita,21.0,HR,142169.0,9.0,3.8
E1523,David,51.0,IT,39569.0,17.0,4.3
E1524,Wei,32.0,Engineering,146127.0,37.0,3.2
E1525,Tom,46.0,Sales,86882.0,18.0,4.1
E1526,Wei,60.0,Engineering,100393.0,35.0,1.1
E1527,David,36.0,HR,30340.0,12.0,4.3
E1528,Linda,59.0,Support,73949.0,2.0,1.2
E1529,Linda,50.0,Support,112302.0,9.0,4.6
E1530,Wei,53.0,IT,92443.0,37.0,5.0
E1531,Linda,43.0,Support,121668.0,0.0,2.2
E1532,David,64.0,IT,104027.0,26.0,1.8
E1533,Ali,54.0,IT,30138.0,7.0,4.1
E1534,Wei,25.0,IT,30358.0,16.0,2.0
E1535,Maria,38.0,Sales,149619.0,8.0,4.5
E1536,Tom,49.0,Finance,105250.0,5.0,1.4
E1537,Linda,26.0,IT,,24.0,1.5
E1538,Linda,29.0,IT,129931.0,38.0,4.9
E1539,John,60.0,Finance,60654.0,27.0,3.7
E1540,Anjali,51.0,Engineering,55879.0,32.0,4.4
E1541,Wei,53.0,IT,111532.0,36.0,2.3
E1542,Karen,47.0,Sales,85778.0,8.0,3.7
E1543,Linda,34.0,Support,67772.0,17.0,3.4
E1544,Tom,49.0,Support,88478.0,20.0,3.4
E1545,Maria,,HR,94353.0,1.0,3.7
E1546,Linda,48.0,HR,56762.0,37.0,3.3
E1547,Maria,,Support,43283.0,39.0,2.7
E1548,David,23.0,Support,93922.0,35.0,2.1
E1549,David,,Sales,69420.0,36.0,4.1
E1550,Anjali,51.0,,85568.0,14.0,1.9
E1551,Ali,55.0,HR,115090.0,27.0,3.8
E1552,Karen,23.0,Finance,50219.0,17.0,1.9
E1553,John,46.0,Sales,87169.0,33.0,3.5
E1554,Anjali,36.0,Support,130455.0,21.0,4.0
E1555,Rita,31.0,IT,104965.0,10.0,1.9
E1556,John,41.0,Finance,76840.0,12.0,1.2
E1557,Wei,36.0,Support,74695.0,3.0,1.5
E1558,Tom,29.0,Support,135209.0,21.0,3.4
E1559,Rita,20.0,Engineering,inf,6.0,4.4
E1560,Rita,41.0,Finance,107988.0,23.0,1.2
E1561,Anjali,45.0,IT,88342.0,3.0,3.9
E1562,Ali,37.0,Finance,144516.0,27.0,2.4
E1563,Anjali,33.0,Support,48951.0,14.0,2.9
E1564,Wei,48.0,IT,31307.0,0.0,4.7
E1565,Linda,31.0,Sales,,2.0,2.3
E1566,Linda,55.0,Engineering,120768.0,13.0,2.9
E1567,Ali,,Support,65428.0,37.0,1.1
E1568,Wei,31.0,HR,138707.0,0.0,1.3
E1569,Ali,26.0,HR,122021.0,37.0,2.0
E1570,Maria,48.0,Engineering,148418.0,37.0,1.1
E1571,Linda,30.0,Sales,105774.0,20.0,3.5
E1572,Rita,52.0,Support,68975.0,28.0,2.7
E1573,Karen,25.0,Finance,147850.0,4.0,3.2
E1574,Tom,34.0,Engineering,31140.0,,1.7
E1575,Wei,51.0,Sales,54842.0,27.0,2.2
E1576,John,30.0,Finance,56421.0,20.0,3.7
E1577,Ali,42.0,HR,31708.0,6.0,4.9
E1578,Tom,45.0,HR,33630.0,2.0,1.2
E1579,John,53.0,Finance,49595.0,19.0,4.6
E1580,Tom,53.0,Engineering,106021.0,18.0,3.3
E1581,Karen,48.0,HR,58308.0,34.0,3.3
E1582,John,23.0,Support,74789.0,3.0,3.0
E1583,Anjali,36.0,,85690.0,4.0,1.3
E1584,David,54.0,Finance,56086.0,0.0,1.4
E1585,Anjali,32.0,Finance,46859.0,3.0,3.4
E1586,Linda,60.0,HR,37684.0,11.0,2.4
E1587,David,58.0,Engineering,121088.0,26.0,4.7
E1588,Anjali,34.0,Support,31207.0,22.0,2.6
E1589,David,48.0,Engineering,76099.0,24.0,1.6
E1590,David,48.0,Sales,97496.0,20.0,3.9
E1591,Rita,30.0,Sales,96093.0,23.0,2.2
E1592,Ali,51.0,IT,59689.0,24.0,3.1
E1593,Ali,21.0,HR,,31.0,3.8
E1594,Rita,33.0,,43893.0,31.0,4.6
E1595,Tom,39.0,HR,127808.0,4.0,4.2
E1596,Maria,41.0,IT,,35.0,3.7
E1597,Tom,30.0,Sales,133065.0,38.0,3.7
E1598,John,46.0,Engineering,90011.0,15.0,4.8
E1599,John,22.0,IT,68635.0,32.0,2.2
E1600,David,36.0,IT,86115.0,20.0,1.0
E1601,Anjali,63.0,Engineering,125071.0,8.0,
E1602,Anjali,47.0,HR,108405.0,5.0,1.9
E1603,Ali,48.0,Support,102702.0,34.0,3.6
E1604,Wei,40.0,Engineering,108518.0,38.0,
E1605,Tom,35.0,Sales,136233.0,21.0,3.4
E1606,Linda,56.0,Finance,133651.0,4.0,1.1
E1607,Karen,39.0,Finance,102805.0,22.0,3.9
E1608,Anjali,25.0,IT,88954.0,16.0,2.3
E1609,Karen,38.0,Finance,58064.0,11.0,3.7
E1610,David,24.0,Support,109063.0,22.0,3.2
E1611,Karen,22.0,HR,32454.0,15.0,2.4
E1612,Linda,20.0,Sales,50878.0,2.0,1.5
E1613,Rita,57.0,Support,81098.0,29.0,1.4
E1614,Linda,34.0,Sales,92154.0,21.0,4.3
E1615,Karen,53.0,Sales,,8.0,4.7
E1616,Linda,54.0,HR,98344.0,28.0,3.6
E1617,Maria,44.0,IT,134946.0,36.0,1.4
E1618,David,43.0,Finance,66593.0,22.0,2.6
E1619,Tom,31.0,HR,66304.0,12.0,3.9
E1620,Rita,,,60386.0,31.0,4.1
E1621,Anjali,34.0,IT,85220.0,22.0,1.5
E1622,John,63.0,,143613.0,16.0,1.0
E1623,Tom,35.0,IT,99338.0,39.0,3.8
E1624,John,46.0,Support,,20.0,2.4
E1625,David,27.0,HR,51083.0,1.0,2.0
E1626,Rita,44.0,IT,48354.0,36.0,1.1
E1627,Ali,36.0,IT,52190.0,5.0,3.2
E1628,Anjali,48.0,Sales,36142.0,17.0,4.4
E1629,Maria,27.0,Sales,58398.0,29.0,4.8
E1630,Ali,34.0,Engineering,81971.0,21.0,3.3
E1631,David,46.0,Support,71862.0,32.0,3.1
E1632,Tom,26.0,Sales,128668.0,29.0,1.3
E1633,Maria,,Engineering,83410.0,,3.2
E1634,Linda,48.0,Sales,49503.0,31.0,2.5
E1635,Karen,63.0,Support,78456.0,13.0,3.4
E1636,Maria,43.0,IT,130167.0,9.0,2.6
E1637,David,22.0,Finance,112035.0,35.0,2.0
E1638,Wei,39.0,Support,135388.0,33.0,1.4
E1639,Karen,34.0,HR,38016.0,8.0,2.3
E1640,John,44.0,Sales,32384.0,27.0,1.4
E1641,Anjali,49.0,Sales,92320.0,10.0,1.7
E1642,John,33.0,IT,45072.0,13.0,4.9
E1643,Maria,26.0,HR,132239.0,38.0,2.8
E1644,John,36.0,IT,141431.0,18.0,3.1
E1645,David,63.0,HR,110018.0,14.0,
E1646,Linda,39.0,Finance,70510.0,27.0,5.0
E1647,Tom,55.0,Sales,78933.0,23.0,3.3
E1648,Anjali,28.0,Sales,51826.0,7.0,4.2
E1649,John,57.0,Finance,98026.0,8.0,2.3
E1650,John,41.0,Engineering,141628.0,32.0,2.2
E1651,Maria,21.0,IT,55518.0,32.0,2.6
E1652,Tom,43.0,Finance,54045.0,18.0,3.7
E1653,Ali,27.0,IT,80876.0,2.0,3.7
E1654,John,30.0,Support,122446.0,9.0,2.3
E1655,David,32.0,Sales,120102.0,39.0,1.5
E1656,Wei,36.0,IT,81919.0,0.0,3.5
E1657,Anjali,27.0,HR,129441.0,28.0,1.5
E1658,John,40.0,IT,57103.0,33.0,3.3
E1659,David,37.0,Support,148805.0,12.0,3.8
E1660,David,49.0,Sales,66188.0,0.0,3.8
E1661,Anjali,37.0,Finance,35845.0,33.0,4.0
E1662,Ali,50.0,inf,116698.0,28.0,4.5
E1663,David,57.0,Sales,66674.0,12.0,3.0
E1664,Wei,51.0,IT,148325.0,28.0,
E1665,David,30.0,Engineering,49337.0,38.0,3.5
E1666,David,64.0,Engineering,52313.0,23.0,1.7
E1667,David,44.0,HR,56943.0,25.0,1.1
E1668,Linda,52.0,Sales,107949.0,,2.1
E1669,Linda,57.0,Engineering,30276.0,6.0,2.8
E1670,Ali,60.0,Finance,81151.0,12.0,3.5
E1671,John,27.0,Sales,47611.0,4.0,4.4
E1672,David,30.0,Finance,134641.0,25.0,1.8
E1673,Tom,41.0,Finance,41944.0,2.0,1.5
E1674,John,43.0,Engineering,82887.0,6.0,4.9
E1675,Ali,60.0,Sales,111442.0,38.0,1.4
E1676,Rita,36.0,IT,79847.0,0.0,2.9
E1677,John,31.0,Support,88653.0,16.0,3.3
E1678,John,51.0,Engineering,116072.0,24.0,3.2
E1679,Karen,34.0,Engineering,86622.0,2.0,1.3
E1680,Maria,35.0,IT,57810.0,14.0,1.2
E1681,Karen,41.0,Sales,107842.0,28.0,1.4
E1682,Wei,47.0,Sales,40503.0,31.0,3.3
E1683,Linda,39.0,Finance,114761.0,25.0,3.2
E1684,Linda,52.0,IT,66976.0,15.0,1.9
E1685,Maria,29.0,IT,,24.0,3.6
E1686,Anjali,59.0,Sales,40886.0,27.0,4.3
E1687,Anjali,51.0,Finance,42866.0,8.0,1.2
E1688,Ali,52.0,Engineering,96624.0,0.0,3.0
E1689,Maria,21.0,HR,98899.0,28.0,3.8
E1690,John,52.0,Support,62792.0,21.0,2.0
E1691,Anjali,52.0,Engineering,39764.0,15.0,2.2
E1692,David,60.0,Sales,116156.0,6.0,3.5
E1693,Tom,32.0,Support,72727.0,13.0,4.6
E1694,John,49.0,HR,108471.0,28.0,4.2
E1695,Wei,52.0,HR,38068.0,18.0,3.3
E1696,David,32.0,Finance,146923.0,18.0,3.9
E1697,David,45.0,Support,,1.0,2.5
E1698,Maria,,Finance,71160.0,14.0,3.6
E1699,Ali,58.0,Engineering,41390.0,2.0,2.9
E1700,Wei,21.0,IT,136752.0,10.0,1.8
E1701,Anjali,57.0,IT,50131.0,29.0,inf
E1702,Maria,58.0,IT,124754.0,39.0,3.2
E1703,Anjali,45.0,Support,105969.0,17.0,2.4
E1704,Maria,34.0,IT,45038.0,1.0,4.6
E1705,Maria,53.0,Engineering,82327.0,31.0,1.1
E1706,Maria,61.0,Finance,123718.0,7.0,2.3
E1707,Ali,63.0,Support,107064.0,21.0,1.2
E1708,Maria,59.0,Finance,51281.0,5.0,4.1
E1709,Rita,30.0,Support,84189.0,11.0,3.8
E1710,Tom,22.0,Finance,78511.0,39.0,2.3
E1711,Anjali,25.0,HR,38605.0,35.0,3.7
E1712,John,28.0,Finance,130318.0,14.0,2.6
E1713,Karen,25.0,IT,31381.0,27.0,4.0
E1714,Wei,28.0,HR,96634.0,17.0,2.8
E1715,Linda,58.0,Finance,49810.0,1.0,2.6
E1716,Ali,50.0,Support,148343.0,12.0,4.7
E1717,John,51.0,Support,54322.0,14.0,2.0
E1718,David,60.0,Support,71869.0,19.0,1.5
E1719,Rita,31.0,Sales,62955.0,28.0,3.3
E1720,Linda,27.0,Engineering,91388.0,28.0,4.9
E1721,Karen,27.0,Support,140252.0,2.0,2.5
E1722,John,47.0,HR,40207.0,18.0,1.2
E1723,Linda,39.0,Support,117329.0,2.0,2.4
E1724,John,26.0,Sales,97628.0,13.0,3.0
E1725,Rita,30.0,IT,58220.0,39.0,1.6
E1726,Karen,39.0,HR,114050.0,3.0,3.6
E1727,David,35.0,Sales,133546.0,10.0,5.0
E1728,Maria,23.0,IT,104085.0,30.0,2.8
E1729,Anjali,25.0,HR,52031.0,31.0,2.4
E1730,David,41.0,Finance,100721.0,26.0,2.6
E1731,Maria,45.0,Engineering,110807.0,,1.5
E1732,Ali,22.0,Engineering,101312.0,1.0,4.5
E1733,Tom,60.0,Sales,89766.0,8.0,2.7
E1734,Wei,,IT,42449.0,27.0,2.5
E1735,Wei,33.0,Engineering,119833.0,30.0,3.6
E1736,Anjali,30.0,IT,86699.0,33.0,2.8
E1737,Karen,37.0,IT,136127.0,14.0,3.6
E1738,Rita,31.0,Sales,111253.0,24.0,inf
E1739,Karen,42.0,Sales,135659.0,35.0,4.3
E1740,Rita,31.0,Sales,134769.0,7.0,4.8
E1741,Karen,32.0,Engineering,141041.0,8.0,3.6
E1742,Tom,44.0,Sales,146185.0,36.0,4.8
E1743,Ali,64.0,Engineering,76092.0,38.0,1.6
E1744,Ali,38.0,Sales,93671.0,31.0,2.9
E1745,Maria,55.0,Support,40350.0,16.0,3.4
E1746,Linda,64.0,IT,126158.0,34.0,3.3
E1747,Ali,27.0,Sales,130859.0,36.0,2.6
E1748,Ali,48.0,HR,98487.0,18.0,2.4
E1749,David,51.0,IT,47622.0,28.0,1.5
E1750,David,63.0,IT,100263.0,6.0,2.6
E1751,Maria,37.0,Sales,83117.0,27.0,1.7
E1752,Linda,25.0,Finance,133990.0,8.0,inf
E1753,Anjali,37.0,Sales,88394.0,27.0,1.8
E1754,David,38.0,IT,132005.0,5.0,1.2
E1755,Anjali,41.0,,131084.0,28.0,3.2
E1756,John,,IT,53782.0,16.0,3.4
E1757,David,51.0,HR,146276.0,,4.5
E1758,Tom,60.0,Engineering,58454.0,22.0,3.3
E1759,Linda,22.0,Support,97904.0,30.0,2.4
E1760,Maria,47.0,IT,45592.0,2.0,4.2
E1761,John,29.0,Sales,52173.0,20.0,3.2
E1762,Linda,54.0,Engineering,63204.0,25.0,1.3
E1763,Tom,48.0,Support,65596.0,35.0,3.3
E1764,Linda,34.0,Sales,,36.0,4.6
E1765,Tom,52.0,Finance,141668.0,21.0,2.6
E1766,Tom,26.0,Sales,91202.0,11.0,2.2
E1767,Anjali,31.0,HR,119400.0,12.0,1.6
E1768,Karen,49.0,HR,143365.0,10.0,1.6
E1769,John,40.0,Finance,60750.0,15.0,2.7
E1770,Linda,50.0,Engineering,106112.0,7.0,3.4
E1771,Rita,43.0,,46566.0,39.0,1.3
E1772,John,39.0,Sales,37190.0,39.0,4.8
E1773,Karen,56.0,HR,118607.0,1.0,4.0
E1774,John,23.0,Engineering,68333.0,29.0,3.3
E1775,Ali,47.0,Finance,110905.0,29.0,4.3
E1776,Rita,63.0,IT,119571.0,11.0,1.3
E1777,Karen,39.0,HR,31589.0,9.0,2.9
E1778,Anjali,43.0,Finance,55235.0,10.0,3.5
E1779,Linda,51.0,Sales,30159.0,14.0,4.3
E1780,Wei,60.0,Support,42145.0,15.0,4.1
E1781,Karen,55.0,HR,110909.0,16.0,2.1
E1782,Maria,53.0,HR,61921.0,25.0,4.8
E1783,Linda,,Sales,134859.0,1.0,1.5
E1784,Karen,21.0,IT,46237.0,11.0,4.5
E1785,Ali,34.0,Engineering,137507.0,25.0,4.9
E1786,Wei,53.0,Support,38244.0,22.0,1.7
E1787,Ali,55.0,,,,3.9
E1788,Wei,25.0,Support,127102.0,31.0,1.2
E1789,Maria,58.0,HR,76101.0,37.0,2.6
E1790,Linda,61.0,Support,141645.0,2.0,
E1791,Anjali,31.0,Finance,114227.0,37.0,3.3
E1792,Ali,22.0,HR,129532.0,2.0,4.7
E1793,Ali,64.0,Support,86378.0,29.0,3.7
E1794,Tom,37.0,Engineering,101126.0,0.0,2.9
E1795,Wei,59.0,Finance,86071.0,29.0,4.2
E1796,David,40.0,Finance,101121.0,31.0,4.8
E1797,Linda,34.0,Engineering,104763.0,27.0,1.1
E1798,Wei,52.0,,123814.0,20.0,4.9
E1799,Tom,54.0,Sales,134350.0,12.0,1.3
E1800,John,45.0,Engineering,42237.0,26.0,4.3
E1801,Wei,27.0,Support,45649.0,35.0,2.1
E1802,Anjali,55.0,Engineering,67713.0,6.0,1.5
E1803,Linda,49.0,Engineering,inf,21.0,2.8
E1804,Tom,42.0,HR,75409.0,9.0,3.6
E1805,John,61.0,Support,78766.0,38.0,2.5
E1806,Rita,63.0,Sales,76154.0,14.0,1.2
E1807,Tom,33.0,HR,37016.0,14.0,3.4
E1808,Rita,33.0,Engineering,109563.0,3.0,4.6
E1809,Linda,21.0,IT,78688.0,31.0,2.5
E1810,Ali,56.0,Engineering,119678.0,22.0,1.9
E1811,Tom,24.0,Engineering,142056.0,5.0,2.8
E1812,Maria,57.0,Support,84238.0,23.0,1.2
E1813,Rita,64.0,Support,88608.0,19.0,4.3
E1814,Anjali,60.0,HR,119081.0,36.0,4.3
E1815,Maria,33.0,Sales,146572.0,19.0,3.4
E1816,Karen,58.0,HR,61897.0,11.0,2.4
E1817,Karen,44.0,Finance,80961.0,32.0,4.2
E1818,John,39.0,Engineering,98703.0,27.0,3.2
E1819,Ali,21.0,IT,74757.0,7.0,4.3
E1820,Linda,58.0,Engineering,56917.0,0.0,3.5
E1821,Tom,25.0,Engineering,52736.0,36.0,4.1
E1822,David,36.0,HR,57990.0,21.0,3.4
E1823,Anjali,44.0,IT,92551.0,5.0,2.7
E1824,Rita,47.0,IT,88161.0,20.0,4.8
E1825,Linda,21.0,IT,109623.0,31.0,3.2
E1826,Maria,54.0,HR,52440.0,34.0,3.4
E1827,Karen,56.0,Engineering,65205.0,14.0,1.9
E1828,Anjali,24.0,HR,110811.0,4.0,3.5
E1829,David,20.0,Support,85103.0,5.0,3.3
E1830,Tom,59.0,Support,100812.0,24.0,1.7
E1831,John,31.0,HR,71627.0,39.0,1.2
E1832,David,55.0,IT,136122.0,28.0,3.4
E1833,Anjali,64.0,Engineering,133032.0,6.0,4.1
E1834,David,42.0,HR,49008.0,39.0,3.1
E1835,Anjali,50.0,HR,101274.0,12.0,1.9
E1836,Anjali,30.0,HR,62402.0,37.0,3.7
E1837,Wei,29.0,Finance,83384.0,17.0,1.3
E1838,Rita,22.0,Support,35793.0,1.0,2.8
E1839,Karen,33.0,IT,132827.0,7.0,1.7
E1840,Wei,35.0,Sales,35571.0,10.0,1.7
E1841,Tom,29.0,IT,126867.0,32.0,1.8
E1842,Wei,48.0,Sales,46209.0,37.0,2.5
E1843,Ali,29.0,Finance,143550.0,26.0,1.2
E1844,Ali,31.0,HR,120930.0,19.0,2.6
E1845,Karen,49.0,Finance,73148.0,11.0,3.0
E1846,David,60.0,Finance,121218.0,30.0,2.9
E1847,Rita,20.0,Engineering,32224.0,26.0,2.5
E1848,Karen,24.0,Support,136693.0,31.0,4.4
E1849,Anjali,39.0,Sales,78695.0,9.0,1.6
E1850,Maria,27.0,HR,139988.0,2.0,3.0
E1851,Rita,62.0,Sales,138944.0,26.0,1.2
E1852,Rita,31.0,IT,62441.0,34.0,1.3
E1853,Anjali,20.0,Sales,136966.0,30.0,3.3
E1854,Anjali,39.0,IT,69129.0,14.0,3.3
E1855,John,47.0,Support,130252.0,15.0,4.5
E1856,Karen,62.0,IT,92368.0,12.0,3.2
E1857,Anjali,56.0,Sales,140395.0,34.0,4.8
E1858,Ali,56.0,Sales,122122.0,10.0,1.2
E1859,Tom,31.0,IT,74760.0,20.0,1.4
E1860,Maria,56.0,Finance,53478.0,10.0,1.2
E1861,Karen,63.0,Support,101854.0,29.0,1.7
E1862,Linda,47.0,Engineering,124230.0,34.0,3.2
E1863,Ali,34.0,HR,115716.0,21.0,3.6
E1864,David,25.0,Sales,42180.0,37.0,1.2
E1865,Anjali,63.0,HR,128538.0,30.0,4.8
E1866,Linda,39.0,Engineering,45372.0,13.0,4.4
E1867,Anjali,33.0,HR,59796.0,23.0,2.2
E1868,Rita,21.0,Engineering,88272.0,31.0,1.3
E1869,Ali,28.0,IT,148295.0,35.0,1.7
E1870,Rita,56.0,Finance,119963.0,31.0,1.5
E1871,John,39.0,,128826.0,14.0,1.5
E1872,Rita,45.0,Engineering,123635.0,34.0,3.1
E1873,John,48.0,HR,141022.0,2.0,2.0
E1874,John,20.0,Sales,84040.0,15.0,2.4
E1875,Linda,54.0,Finance,105357.0,4.0,5.0
E1876,Anjali,25.0,IT,101368.0,20.0,3.7
E1877,David,56.0,Sales,108356.0,9.0,4.8
E1878,Rita,24.0,Engineering,46211.0,18.0,1.6
E1879,Ali,52.0,Finance,135426.0,24.0,2.5
E1880,John,33.0,HR,35842.0,3.0,3.2
E1881,Anjali,31.0,Finance,93115.0,28.0,1.3
E1882,Maria,61.0,Finance,96852.0,18.0,1.0
E1883,Karen,39.0,Support,75968.0,1.0,3.7
E1884,Linda,43.0,Finance,47508.0,9.0,3.6
E1885,David,62.0,Finance,52005.0,,2.6
E1886,Wei,53.0,Sales,84575.0,19.0,3.0
E1887,Linda,44.0,HR,110742.0,18.0,2.7
E1888,Maria,48.0,Sales,48971.0,,1.1
E1889,Karen,58.0,Sales,55599.0,23.0,2.3
E1890,Maria,50.0,Engineering,117592.0,10.0,1.7
E1891,Rita,62.0,Sales,96914.0,inf,1.4
E1892,John,42.0,Support,148062.0,27.0,
E1893,David,,,97055.0,4.0,3.4
E1894,Tom,57.0,Engineering,117697.0,4.0,3.9
E1895,John,39.0,IT,136239.0,20.0,2.3
E1896,Tom,42.0,HR,134397.0,11.0,2.6
E1897,Karen,64.0,HR,35355.0,3.0,1.9
E1898,Anjali,35.0,Sales,84120.0,19.0,1.4
E1899,Wei,61.0,Sales,104619.0,37.0,1.7
E1900,Ali,27.0,IT,68342.0,24.0,4.2
E1901,John,40.0,Sales,115992.0,13.0,3.7
E1902,David,20.0,HR,108860.0,10.0,3.2
E1903,Maria,27.0,Finance,32257.0,31.0,2.9
E1904,David,48.0,Support,57364.0,10.0,4.7
E1905,Karen,51.0,Finance,54972.0,17.0,1.3
E1906,Tom,57.0,Finance,141715.0,26.0,2.1
E1907,Maria,24.0,HR,56654.0,17.0,2.4
E1908,Ali,41.0,Finance,110769.0,22.0,4.1
E1909,Ali,53.0,IT,111423.0,10.0,5.0
E1910,John,20.0,Engineering,59320.0,20.0,2.0
E1911,Karen,45.0,Sales,50808.0,4.0,4.5
E1912,Anjali,62.0,Engineering,82389.0,22.0,4.3
E1913,Karen,29.0,Support,125690.0,24.0,1.9
E1914,Tom,,Sales,148581.0,9.0,2.6
E1915,David,37.0,Finance,64773.0,21.0,2.6
E1916,Ali,36.0,Support,81168.0,18.0,4.9
E1917,David,45.0,Sales,57747.0,0.0,1.7
E1918,David,27.0,IT,106396.0,6.0,4.2
E1919,David,59.0,IT,138374.0,3.0,2.3
E1920,Ali,31.0,IT,137692.0,0.0,3.9
E1921,Linda,46.0,IT,113692.0,14.0,2.7
E1922,Rita,27.0,Finance,87505.0,39.0,3.3
E1923,Tom,44.0,Engineering,115896.0,11.0,4.3
E1924,Linda,23.0,Sales,48135.0,21.0,4.2
E1925,Tom,52.0,Finance,120887.0,21.0,4.5
E1926,Maria,,IT,126035.0,16.0,1.2
E1927,Karen,38.0,Engineering,77377.0,inf,3.8
E1928,Karen,50.0,,53554.0,13.0,1.6
E1929,Wei,35.0,Support,92491.0,,2.7
E1930,Karen,33.0,Support,85621.0,32.0,3.2
E1931,Ali,24.0,IT,144667.0,14.0,2.6
E1932,Anjali,60.0,Support,88283.0,11.0,3.1
E1933,John,45.0,HR,115140.0,39.0,5.0
E1934,Wei,47.0,Sales,46923.0,19.0,1.5
E1935,John,21.0,Sales,77591.0,29.0,3.7
E1936,Tom,25.0,IT,92261.0,37.0,2.6
E1937,John,28.0,HR,146149.0,2.0,1.5
E1938,John,52.0,Finance,84336.0,27.0,1.6
E1939,Wei,60.0,Finance,104083.0,25.0,4.8
E1940,Maria,44.0,Support,90948.0,29.0,4.5
E1941,David,32.0,Engineering,139819.0,12.0,4.6
E1942,Karen,28.0,Finance,63002.0,12.0,5.0
E1943,Karen,32.0,Engineering,110098.0,1.0,1.8
E1944,Ali,50.0,Sales,146236.0,36.0,2.4
E1945,Wei,60.0,Engineering,103016.0,37.0,3.7
E1946,Ali,30.0,Sales,56672.0,1.0,2.9
E1947,Anjali,23.0,HR,34213.0,35.0,2.7
E1948,Anjali,53.0,HR,40293.0,25.0,2.4
E1949,Ali,57.0,IT,129977.0,10.0,3.4
E1950,Wei,23.0,IT,85860.0,7.0,3.3
E1951,Ali,57.0,Support,92507.0,39.0,1.6
E1952,Karen,38.0,Finance,87134.0,21.0,2.9
E1953,Linda,25.0,Support,32100.0,19.0,3.2
E1954,Rita,53.0,Sales,140153.0,7.0,3.3
E1955,John,37.0,Support,,,1.8
E1956,Rita,32.0,Engineering,58172.0,39.0,4.0
E1957,Wei,60.0,Sales,50132.0,25.0,1.1
E1958,Rita,42.0,IT,147861.0,29.0,2.4
E1959,Anjali,38.0,HR,48199.0,16.0,4.1
E1960,Tom,64.0,IT,66609.0,19.0,3.3
E1961,John,30.0,Finance,72965.0,15.0,2.0
E1962,David,20.0,Sales,38016.0,6.0,3.8
E1963,Wei,43.0,Sales,69779.0,15.0,3.3
E1964,John,26.0,Engineering,132797.0,26.0,4.2
E1965,Rita,44.0,Finance,61881.0,22.0,3.9
E1966,Anjali,40.0,HR,,23.0,3.4
E1967,Maria,34.0,Sales,54472.0,8.0,3.0
E1968,Linda,20.0,Sales,136882.0,34.0,1.5
E1969,David,31.0,Engineering,130462.0,19.0,2.0
E1970,Linda,26.0,Support,81813.0,36.0,2.7
E1971,John,34.0,HR,130368.0,16.0,3.4
E1972,Anjali,40.0,IT,,30.0,3.1
E1973,Anjali,38.0,Finance,,7.0,2.2
E1974,Rita,48.0,Sales,54087.0,14.0,1.0
E1975,Karen,44.0,Sales,42828.0,30.0,3.0
E1976,Rita,52.0,IT,91610.0,29.0,2.1
E1977,Karen,51.0,HR,126664.0,19.0,3.9
E1978,Karen,54.0,Support,,38.0,1.1
E1979,David,63.0,Sales,115179.0,11.0,3.3
E1980,Rita,57.0,HR,45193.0,16.0,4.8
E1981,Maria,45.0,IT,122389.0,29.0,1.7
E1982,Ali,30.0,Engineering,74864.0,28.0,2.9
E1983,Ali,54.0,Support,50307.0,18.0,inf
E1984,Rita,27.0,Finance,132518.0,10.0,3.5
E1985,Rita,33.0,Sales,49611.0,33.0,3.2
E1986,Linda,29.0,HR,73791.0,6.0,2.6
E1987,David,21.0,Engineering,41950.0,33.0,3.1
E1988,Rita,28.0,Finance,106240.0,19.0,4.6
E1989,Linda,22.0,HR,138647.0,37.0,
E1990,Karen,40.0,HR,107403.0,23.0,1.1
E1991,Anjali,45.0,Finance,32745.0,9.0,4.4
E1992,Anjali,27.0,Engineering,85243.0,31.0,3.3
E1993,Karen,21.0,IT,33866.0,14.0,4.6
E1994,Wei,25.0,Engineering,62245.0,36.0,3.4
E1995,Linda,47.0,Support,74724.0,19.0,4.2
E1996,Linda,48.0,Sales,101354.0,2.0,2.7
E1997,Karen,45.0,Finance,81374.0,36.0,4.0
E1998,Maria,44.0,IT,144397.0,39.0,4.7
E1999,Tom,31.0,Finance,147480.0,7.0,3.3
